doc_id,dup_comp,text
t1_fed41tf,1211,"In a major 60 MINUTES investigation, Liam Bartlett reveals an added level of Weinstein wickedness. To cover up his many crimes, the one-time Hollywood heavyweight had at his disposal a so-called “army of spies”. These “agents” collected sensitive and embarrassing information about his victims, which was then used to discredit or shut them up. Among Weinstein’s trusted allies was Australian Dylan Howard, who a few days ago went to court to try to stop his part in Bartlett’s story being broadcast. Unfortunately for Howard, he failed."
t1_fed52l4,1211,"In a major 60 MINUTES investigation, Liam Bartlett reveals an added level of Weinstein wickedness. To cover up his many crimes, the one-time Hollywood heavyweight had at his disposal a so-called “army of spies”. These “agents” collected sensitive and embarrassing information about his victims, which was then used to discredit or shut them up. Among Weinstein’s trusted allies was Australian Dylan Howard, who a few days ago went to court to try to stop his part in Bartlett’s story being broadcast. Unfortunately for Howard, he failed."
t1_fo1y19x,1296,"Jeffrey Epstein's famous little black book, full of hundreds of well-known elites, celebrities, and politicians. It has been said he is an intelligence asset known for his vast collection of  honey-trap blackmail  on high level elites and politicians.  The choice is yours to know. 
 WWG1WGA"
t1_fo1y7yd,1296,"Jeffrey Epstein's famous little black book, full of hundreds of well-known elites, celebrities, and politicians. It has been said he is an intelligence asset known for his vast collection of  honey-trap blackmail  on high level elites and politicians.  The choice is yours to know. 
 WWG1WGA"
t1_fo1yl1t,1296,"Jeffrey Epstein's famous little black book, full of hundreds of well-known elites, celebrities, and politicians. It has been said he is an intelligence asset known for his vast collection of  honey-trap blackmail  on high level elites and politicians.  The choice is yours to know. 
 WWG1WGA"
t1_fo1zahf,1296,"Jeffrey Epstein's famous little black book, full of hundreds of well-known elites, celebrities, and politicians. It has been said he is an intelligence asset known for his vast collection of  honey-trap blackmail  on high level elites and politicians.  The choice is yours to know. 
 WWG1WGA"
t1_gxljajr,2136,"Thirty-five years ago, fighter pilot Oscar Santa Maria Huerta had a real-life Independence Day moment when he attempted to shoot down a mysterious light-bulb shaped craft, in what to this day remains the only documented case of a military aircraft firing on a UFO."
t1_gxljgej,2136,"Thirty-five years ago, fighter pilot Oscar Santa Maria Huerta had a real-life Independence Day moment when he attempted to shoot down a mysterious light-bulb shaped craft, in what to this day remains the only documented case of a military aircraft firing on a UFO."
t1_gxljkuk,2136,"Thirty-five years ago, fighter pilot Oscar Santa Maria Huerta had a real-life Independence Day moment when he attempted to shoot down a mysterious light-bulb shaped craft, in what to this day remains the only documented case of a military aircraft firing on a UFO."
t1_gzsd93u,2210,"Ten years before an alien craft crashed onto rancher Mack Brazel’s property near Roswell, New Mexico, a flying saucer lost control and crashed onto the countryside of Nazi Germany. 
This incredible story—covered-up by both the U.S. and U.S.S.R. for more than 70 years—is allegedly the actual basis for the Nazi’s intense research into wingless, disc aircraft. 
Hitler’s and Himmler’s near obsession with exotic technology and flying saucers; and the incredible experiments by S.S. physicists that culminated with flying saucers and the ‘Bell’—a bizarre multi-dimensional motor that neutralized gravity and ripped a gash into the very fabric of the time-space continuum creating incredible and horrific effects."
t1_h9d7oou,2357,"Australian protest for freedom this Saturday 21 Aug against suppression of science and free speech, lockdowns, mask mandates, harmful vaccines, ridiculous fines and the tyrannical and corrupt state and federal government for enforcing it."
t1_hbqots5,2387,"it’s no secret that many world governments, particularly those that have been oriented & aligned with NATO, have seen the falsification of certain products become propagandized, particularly within that of the European and western countries. Many speculate that the reason for such advanced chemicals, inventions, medicines, reliefs and so many other things being quietly “dismissed” from even entering the public & social domain are due to the fact that they would devalue industry overnight, leaving people at the “top” of the socio-economic food chain of power no longer with a “top” to look down on us from. This episode delves into the mini different extraterrestrial, esoteric, para terrestrial, inter-dimensional, and paranormal occurrences in which correlate directly with certain ionized air pockets that we seem to think are such an “anomaly” in a public sense, but really are much more than that."
t1_hbqpseb,2387,"it’s no secret that many world governments, particularly those that have been oriented & aligned with NATO, have seen the falsification of certain products become propagandized, particularly within that of the European and western countries. Many speculate that the reason for such advanced chemicals, inventions, medicines, reliefs and so many other things being quietly “dismissed” from even entering the public & social domain are due to the fact that they would devalue industry overnight, leaving people at the “top” of the socio-economic food chain of power no longer with a “top” to look down on us from. This episode delves into the mini different extraterrestrial, esoteric, para terrestrial, inter-dimensional, and paranormal occurrences in which correlate directly with certain ionized air pockets that we seem to think are such an “anomaly” in a public sense, but really are much more than that."
t1_inm8hm3,3000,Paul and Chris open up the Art Bell archive to listen to William Henry discuss his ideas about ancient alien technology. We look at the ark of the covenant and the spear of destiny as ancient alien weapons of mass destruction. We then take a look at worm holes and stargates. How are they made? And how can we access them?
t1_inri4xt,3000,Paul and Chris open up the Art Bell archive to listen to William Henry discuss his ideas about ancient alien technology. We look at the ark of the covenant and the spear of destiny as ancient alien weapons of mass destruction. We then take a look at worm holes and stargates. How are they made? And how can we access them?
t1_inri62x,3000,Paul and Chris open up the Art Bell archive to listen to William Henry discuss his ideas about ancient alien technology. We look at the ark of the covenant and the spear of destiny as ancient alien weapons of mass destruction. We then take a look at worm holes and stargates. How are they made? And how can we access them?
t1_iswtl4w,3059,"The background figures and shapes portrayed behind the figure of God appeared to be an anatomically accurate picture of the human brain. On close examination, borders in the painting correlate with major sulci of the cerebrum in the inner and outer surface of the brain, the brain stem, the frontal lobe, the basilar artery, the pituitary gland and the optic chiasm."
t1_jtolbew,3394,"Chris provides our listeners with what will become a new limited series known as Sunday sermons. We’re gunna to focus on a myriad of topics surrounding memetic energy, historical parallels to the present, understanding elite dynamics, and how we can become true evangelists for the universal truth. 
Sermon 2 builds upon Ancient Lore and Memetic Energy for the Modern Man. Chris focuses on how elites manipulate and are also controlled by mass memetic energy throughout history and what we can learn from the instances where the elites did have to prostrate themselves to new popular ways."
t1_jtpnx3z,3396,"Hey folks, this is my video that goes over the meaning of what non-human intelligence is. Wanted to share since many folks are now hearing this term which is new to them and to help explain it to folks who are interested. 
 Thanks!"
t1_k1ozw0e,3465,Video analysis about the Biblical prophesied period called the Great Tribulation and its connection to the mRNA COVID vaccine. What is the abomination of desolation and why is the vaccine intrinsically involved.
